subreddit,id,url,title,is_original_content,score,num_comments,created,selftext,upvote_ratio,ups,downs,total_awards_received
MCFC,n4y1ao,https://www.reddit.com/r/MCFC/comments/n4y1ao/uefa_champions_league_final_upvote_party/,UEFA CHAMPIONS LEAGUE FINAL UPVOTE PARTY,False,3209,381,2021-05-04 20:56:42,We've made history,0.91,3209,0,54
MCFC,na4gqk,https://www.reddit.com/r/MCFC/comments/na4gqk/manchester_city_are_your_202021_premier_league/,MANCHESTER CITY ARE YOUR 2020-21 PREMIER LEAGUE CHAMPIONS UPVOTE PARTY,False,2842,427,2021-05-11 18:51:42,"[Our last PL party in 2018/19](https://np.reddit.com/r/MCFC/comments/bnqdxk/manchester_city_are_your_201819_premier_league/)

[0 Points to go](https://np.reddit.com/r/MCFC/comments/n2i8hh/post_match_thread_crystal_palace_0_2_man_city_pl/gwjdldb/?context=3)

CHAMPIONESSSS CHAMPIONESSSS


[OFFICIAL TWITTER CHAMPIONS](https://twitter.com/ManCity/status/1392190669947539459?s=20)

[r/soccer thread](https://www.reddit.com/r/soccer/comments/na4gvi/mancity_manchester_city_are_the_202021_premier/)",0.87,2842,0,77
MCFC,mqzi1b,https://i.redd.it/lbbwar8z97t61.jpg,WHAT. A. PHOTO.,False,2045,98,2021-04-14 20:39:12,,0.96,2045,0,35
MCFC,njbnm9,https://i.redd.it/fw64uelagw071.png,"Goodness this photo üò≠üò≠üò≠üò≠üò≠, we love you so much Kun, more than you'll ever knowüò≠üò≠",False,1910,50,2021-05-23 16:48:05,,0.98,1910,0,24
MCFC,ner825,https://v.redd.it/0ja7sg33sqz61,Pep smoking a cigar and singing Noel Gallagher at PL Celebrations.,False,1828,126,2021-05-17 20:39:43,,0.97,1828,0,20
MCFC,iaf8c4,https://i.redd.it/gpk4tacwb8h51.jpg,Thank you David! Will miss youüíô,False,1796,72,2020-08-15 20:53:16,,0.97,1796,0,9
MCFC,noz2v0,https://i.redd.it/0fj2c324af271.jpg,Ran into my captain this morning while on a stroll. The most decent big time player I ever met. We talked a good 10 minutes about the game,False,1688,79,2021-05-31 09:11:26,,0.98,1688,0,8
MCFC,hya7th,https://imgur.com/FTQ6mHH,"My dad passed away last week, this is him in the city changing room sitting in his favourite players chair.",False,1599,52,2020-07-26 16:51:25,,0.98,1599,0,0
MCFC,muwhbz,https://twitter.com/city_xtra/status/1384569304209838083?s=21,BREAKING: #ManCity have now told Super League organisers that they no longer want to be part of the ¬£4.6Bn scheme. [via @MartinLipton],False,1524,381,2021-04-20 18:07:38,,0.97,1524,0,37
MCFC,igow6f,https://twitter.com/marcelobechler/status/1298419935773954048,"""Messi wants to play for Manchester City..."" [Marcelo Bechler]",False,1512,335,2020-08-26 00:45:37,,0.96,1512,0,5
reddevils,muxgmk,https://twitter.com/talkSPORT/status/1384580215016460288?s=09,[TALKSPORT] BREAKING: Ed Woodward has resigned as chairman of Manchester United. Woodward‚Äôs decision comes after the backlash over the European Super League. - talkSPORT sources understand,False,16935,1472,2021-04-20 18:51:37,,0.92,16935,0,384
reddevils,j1w4vj,https://i.redd.it/1p256aqv42q51.png,Shout out to Rashford wearing a mask during his MOTD interview - which he didn't have to do. That is someone who knows the impact he has on people watching and chooses to use it positively.,False,15960,303,2020-09-29 09:40:28,,0.9,15960,0,42
reddevils,i4n0o9,https://i.redd.it/70yiwtfpzbf51.jpg,"Ole : ""Anthony asked, he begged to come into the game because there were spaces and he also promised a goal.""",False,11709,605,2020-08-06 07:03:48,,0.95,11709,0,2
reddevils,hyabi4,https://www.youtube.com/watch?v=ai0nPoIcfW8,Manchester United have qualified for the 2020/21 Uefa Champions League!,False,10265,544,2020-07-26 16:57:08,,0.87,10265,0,13
reddevils,ilmq8g,https://i.redd.it/u84bisi91vk51.jpg,Van Der Sar‚Äôs Open Letter to United Fans on MEN,False,8884,349,2020-09-03 04:27:03,,0.96,8884,0,43
reddevils,lzwdxf,https://i.redd.it/vaapy2c5fnl61.png,Aerial view of Manchester.,False,8622,145,2021-03-07 18:23:35,,0.91,8622,0,62
reddevils,n3pu8e,https://i.redd.it/lcfa0144ruw61.jpg,Arron Scholes (Paul‚Äôs son) not holding back against Liam Gallagher.,False,8564,464,2021-05-03 06:48:37,,0.95,8564,0,30
reddevils,jde7n5,https://i.redd.it/tmu1lwpl0ut51.gif,Eager Donny puzzled by assistant referee seemingly handing him a note,False,8001,167,2020-10-18 10:42:30,,0.97,8001,0,17
reddevils,moujyr,https://v.redd.it/o8znmncdsks61,"Bruno Fernandes ""celebrating"" with Fred üòÇ",False,7793,168,2021-04-11 17:01:40,,0.95,7793,0,62
reddevils,kok5g9,https://thumbs.gfycat.com/DeterminedUnfoldedAmericancrow-size_restricted.gif,A team united at full time,False,7605,352,2021-01-01 22:02:39,,0.91,7605,0,74
LiverpoolFC,ndt6qa,https://streamgg.com/ib/TutxPXgfqP,ALISSONNNNNNNNNNNNN (West Brom 1-[2] Liverpool),False,21047,1151,2021-05-16 17:25:13,,0.86,21047,0,649
LiverpoolFC,li8eex,https://i.imgur.com/cVQSGly.jpg,It's a dire situation in Myanmar,False,10429,125,2021-02-12 10:25:31,,0.96,10429,0,24
LiverpoolFC,kgfx3p,https://www.reddit.com/gallery/kgfx3p,"Sadio remembered to do the celebration, I love him so much",False,9709,207,2020-12-19 20:45:16,,0.96,9709,0,90
LiverpoolFC,jlob2r,https://i.redd.it/1iast015dhw51.jpg,I can‚Äôt think of a title,False,8990,147,2020-10-31 19:18:17,,0.93,8990,0,27
LiverpoolFC,jpo45f,https://v.redd.it/38acyyhxgsx51,Hendo's voice assists vs Atalanta.,False,7944,366,2020-11-07 09:43:20,,0.96,7944,0,38
LiverpoolFC,njbikd,https://i.redd.it/bos2otw3fw071.jpg,"They know. Thank you for everything Gini, Liverpool legend.",False,7882,186,2021-05-23 16:41:24,,0.95,7882,0,81
LiverpoolFC,ju1o76,https://v.redd.it/r5z6mhnwe7z51,"Its about time, Bobby üëÄ",False,7531,118,2020-11-14 13:07:25,,0.97,7531,0,65
LiverpoolFC,nbrjzp,https://i.imgur.com/tfUJPOQ.jpg,Old Trafford commemorates Firmino's return to form (2021),False,7467,89,2021-05-13 21:11:42,,0.95,7467,0,104
LiverpoolFC,iv7ncq,https://www.liverpoolfc.com/news/first-team/408961-liverpool-fc-complete-signing-of-thiago-alcantara,Liverpool FC complete signing of Thiago Alcantara,False,6960,556,2020-09-18 14:59:05,,0.95,6960,0,155
LiverpoolFC,jnhfaz,https://i.redd.it/4bgwrbupx2x51.jpg,Premier league sides current home unbeaten runs. Ridiculous,False,6860,174,2020-11-03 19:51:02,,0.95,6860,0,23
chelseafc,nnw5dl,https://www.reddit.com/r/chelseafc/comments/nnw5dl/champions_league_winners_upvote_party/,CHAMPIONS LEAGUE WINNERS UPVOTE PARTY,False,17925,1175,2021-05-29 20:57:11,GET IN HERE EVERYONE,0.8,17925,0,292
chelseafc,m7br5l,https://v.redd.it/m2mq3kmttnn61,"Thiago Silva, Mason Mount and Jorginho celebrating Emerson‚Äôs late goal",False,10027,284,2021-03-17 21:55:06,,0.94,10027,0,115
chelseafc,l4kvrh,https://i.redd.it/yklna8pacgd61.jpg,"Frank Lampard appreciation post. If today is the day, thank you for trying. You‚Äôll always be a club legend!",False,7698,400,2021-01-25 10:02:03,,0.94,7698,0,96
chelseafc,no7wz9,https://i.redd.it/c6wyls7vc8271.jpg,Morning coffee with a view and a good companion,False,7498,178,2021-05-30 09:55:19,,0.96,7498,0,34
chelseafc,imm304,https://www.chelseafc.com/en/news,OFFICIAL: Kai Havertz signs for Chelsea,False,7053,638,2020-09-04 19:02:47,,0.93,7053,0,225
chelseafc,njbs3x,https://i.redd.it/mztxrqsdhw071.jpg,"Thank you, Gareth Bale.",False,6689,215,2021-05-23 16:54:09,,0.94,6689,0,61
chelseafc,n61fwn,https://v.redd.it/76xo7j6q8gx61,Kai Havertz trolling Kroos & Ramos with a proper time-wasting technique!,False,6512,239,2021-05-06 07:06:09,,0.98,6512,0,66
chelseafc,hzexec,https://v.redd.it/i04aca5rqld51,"7 goals in his last 8 starts, Giroud made sure top 4 was the only option!",False,5489,105,2020-07-28 13:46:20,,0.97,5489,0,13
chelseafc,nnwgz2,https://i.redd.it/4fibxioel4271.png,"Although we won the final under Tuchel we have to give super Frank some credit here, he did part of the role in this UCL campaign for us to lift the Trophy",False,5263,228,2021-05-29 21:15:19,,0.97,5263,0,10
chelseafc,nu3nps,https://i.redd.it/h17oo78vrr371.jpg,Silence the haters,False,5232,479,2021-06-07 04:16:25,,0.92,5232,0,25
lcfc,nd4vor,https://twitter.com/LCFC/status/1393629605907546124,LEICESTER CITY ARE YOUR 2021 FA CUP WINNERS!!!!! FIRST FA CUP IN CLUB's 137-YEAR HISTORY!!!!!,False,785,108,2021-05-15 18:10:08,,0.97,785,0,12
lcfc,hyb56t,https://i.redd.it/a68zgwwsn8d51.png,Oldest player to win the golden boot ! üí™ UPVOTE PARTY,False,521,25,2020-07-26 17:43:40,,0.98,521,0,11
lcfc,njbydm,https://i.redd.it/jvvx5zfuiw071.jpg,its happened again lads,False,437,71,2021-05-23 17:02:21,,0.97,437,0,2
lcfc,lkc52l,https://i.imgur.com/L2kRuQh.jpg,"Jamie Vardy record vs the traditional ""Top Six""",False,412,25,2021-02-15 11:48:29,,0.99,412,0,7
lcfc,ndkc86,https://i.redd.it/inglpkds7gz61.jpg,Photo of all our PL and FA Cup winners. What legends!,False,399,20,2021-05-16 09:07:45,,0.98,399,0,1
lcfc,mzld5l,https://www.leicestermercury.co.uk/sport/football/football-news/wesley-fofana-thanks-crystal-palace-5345300,"Crystal Palace goalkeeper Vicente Guaita held up play when in possession of the ball to allow Fofana to go to the sidelines and break his fast by taking liquids on board. A classy move from the Eagles, bravo!",False,377,17,2021-04-27 10:24:48,,0.99,377,0,1
lcfc,jiwm7p,https://www.reddit.com/gallery/jiwm7p,"Two years we lost Vichai Srivaddhanaprabha, the man who made us sing Champions of England. Forever in our hearts. (Graphic by u/mutualgeorge)",False,372,11,2020-10-27 07:19:55,,1.0,372,0,1
lcfc,lj1jaz,https://v.redd.it/vgtnohrg99h61,Biggest shithouse in the league üòÇ,False,364,24,2021-02-13 14:30:52,,0.99,364,0,2
lcfc,mypb3j,https://www.reddit.com/r/lcfc/comments/mypb3j/if_vardy_plays_in_the_fa_cup_final_he_will_be_the/,"If Vardy plays in the FA Cup Final, he will be the only player to have played every round of the FA Cup with the exception of the first Extra-Preliminary Round.",False,342,10,2021-04-26 04:14:27,"This possible achievement was mentioned by Ian Stringer on BBC Radio Leicester in the post-match reaction to the semifinal win. The specific comment is around the 32 minute mark on the podcast. Today I decided to do a deep dive and see if this was true.  

First, I looked up every FA Cup game that the team he was on played in while he was on said team. There are essentially no match reports for any games in the FA Cup qualification rounds. However, I managed to find quite a bit of evidence that I would consider proof that he has indeed played (almost) every round of the FA Cup. In the [History of the FA Cup](https://en.wikipedia.org/wiki/History_of_the_FA_Cup) wiki, no other player is mentioned to have achieved this. Some players are said to have played every round, however this is only counting the Competition Proper rounds, not qualification.  

I'll list out every game he *could* have played in at the bottom of the post. That way, if anyone else wants to look into the games and add some proof, you know what to look for. I really only looked for evidence of each round and stopped when I found something for each round.  

I mainly tried to find the *earliest* instance of his participation in a particular round. I'll list those out here. For more recent games, I'm not going to bother linking anything because they're pretty easy to find.    

I'm sure there are other references that are out there, maybe in person for those of you in the UK. However, much of what I found were obscure videos and blogs. I'm sure some of you out there have some more knowledge I cannot find.  

**Extra-Preliminary Round**  
Vardy has never been on a team when they played in this round. This is the only round he has never played in.  

**Preliminary Round**  
1 September 2007  
Stocksbridge Park Steels 3-2 Curzon Ashton  
[This video](https://www.youtube.com/watch?v=SDTisvI_2wg) was posted the day after the match. The YouTuber has a couple other videos from this match. You can't see anything but you can hear someone say, ""Vardy's got some speed on him.""  

**First Round Qualifying**  
11 September 2010  
FC Halifax Town 2-0 Whitby Town  
This one is by far the most obscure and hardest to prove. [This video](https://m.youtube.com/watch?v=kaRhFwfi6dg) from the stands is hard to make much out. From the Third Round Qualifying video, we can see he's got the #7 shirt. In this video, you can make out someone that looks and moves like Vardy. Around the 1:10 mark, the guy hovering around the top of the box seems to be him. Of all the players at that time whose numbers you can see, none are a 7. Leads me to think the #7 is the one at the top of the box whose number we can't see. Also looks like his shirt is tucked like it is in the other video. I had to look at a lot of videos of Halifax Town from this season to convince myself it's him. Hopefully someone has more information and can show definitively that he's played in this round at some point.    

**Second Round Qualifying**  
27 September 2008  
Stocksbridge Park Steels 1-2 Curzon Ashton  
This one got a bit eccentric. [This video](https://www.youtube.com/watch?v=2jcb0jMgAwA) of some of Vardy's goals for SPS shows he wore the #11. I came across [this blog post](http://facupgroundhopper.blogspot.com/2008/09/stocksbridge-park-steels-1-curzon.html) by someone who went to non-league matches. Happened to be at this match and you can pretty clearly see Vardy's #11 shirt in the photos. Looks like him as well.  

**Third Round Qualifying**  
9 October 2010  
FC Halifax Town 4-0 Harrogate Town  
[This video](https://www.youtube.com/watch?app=desktop&v=ICT1sVu45Ns) pretty clearly shows Vardy wearing the #7. It also kind of helps figure some things out in the First Round Qualifying video. He even scores in this game at the 9:45 mark.  

**Fourth Round Qualifying**  
23 October 2010  
FC Halifax Town 0-1 Mansfield Town  
Pretty straightforward. Managed to find a [match report](https://gh.soccerway.com/matches/2010/10/23/england/fa-cup/fc-halifax-town/mansfield-town-fc/1043078/?ICID=PL_MS_10) for this one.  

**First Round Proper**  
12 November 2011  
Fleetwood Town 2-0 Wycombe Wanderers  
According to the results in the wiki for the [2011-12 FA Cup](https://en.m.wikipedia.org/wiki/2011%E2%80%9312_FA_Cup), Vardy was a goalscorer in each of the first three rounds. I'll just link the wiki here and you can go through the Fleetwood matches and see.  

**Second Round Proper**  
2 December/13 December 2011   
Fleetwood Town 2-2 Yeovil Town  
Yeovil Town 0-2 Fleetwood Town    

**Third Round Proper**  
7 January 2012  
Fleetwood Town 1-5 Blackpool  

**Fourth Round Proper**  
26 January/12 February 2013  
Huddersfield Town 1-1 Leicester City  
Leicester City 1-2 Huddersfield Town  
I'm sure there's a match report somewhere but [this video](https://www.youtube.com/watch?app=desktop&v=jgb0iaeepDU) shows Vardy at 13 seconds during the pre-match handshakes.  

**Fifth Round Proper**  
18 February 2017  
Milwall 1-0 Leicester City  
Vardy was a sub in this one.  

**Quarterfinals**  
18 March 2018  
Leicester City 1-2 Chelsea  
Vardy scored in this one.  

**Semifinals**  
18 April 2021  
Leicester City 1-0 Southampton  
Vardy made the pass in that Seniorman Kelechi scored from.  

**Final**  
15 May 2015  
If Vardy plays in this match, he'll have played every round of the FA Cup from the preliminary round in the qualification stages to the final.  



Here is every match that Vardy *could* have participated in by club and year.  

**Stocksbridge Park Steels** 2007-2010  

2007-08 FA Cup  
Preliminary- 1 Sept. 2007   
First Quali- 15 Sept. 2007  
Second Quali- 29 Sept. 2007    

2008-09 FA Cup  
Preliminary- 30 Aug. 2008  
First Quali- 13 Sept. 2008  
Second Quali- 27 Sept. 2008  

2009-10 FA Cup  
First Quali- 12 Sept. 2009  
Second Quali- 26 Sept. 2009  

**FC Halifax Town** 2010-2011  

2010-11 FA Cup  
First Quali- 11 Sept. 2010  
Second Quali- 25 Sept. 2010  
Third Quali- 9 Oct. 2010   
Fourth Quali- 23 Oct. 2010  

**Fleetwood Town** 2011-2012  

2011-12 FA Cup  
Fourth Quali- 29 Oct. 2011 (replayed)  
First Proper- 12 Nov. 2011  
Second Proper- 2 Dec./13 Dec. 2011  
Third Proper- 7 Jan. 2012  

**Leicester City** 2012-present  

2012-13 FA Cup  
Third Proper- 5 Jan. 2013  
Fourth Proper- 26 Jan./12 Feb. 2013  

2013-14 FA Cup  
Third Proper- 4 Jan. 2014  

2014-15 FA Cup  
Third Proper- 3 Jan. 2015  
Fourth Proper- 24 Jan. 2015  
Fifth Proper- 15 Feb. 2015  

2015-16 FA Cup  
Third Proper- 10 Jan./20 Jan. 2016  

2016-17 FA Cup  
Third Proper- 7 Jan. 2017  
Fourth Proper- 27 Jan./8 Feb. 2017  
Fifth Proper- 18 Feb. 2017  

2017-18 FA Cup  
Third Proper- 6 Jan./16 Jan. 2018  
Fourth Proper- 27 Jan. 2018  
Fifth Proper- 16 Feb. 2018   
Quarterfinal- 18 March 2018    

2018-19 FA Cup  
Third Proper- 6 Jan. 2019   

2019-20 FA Cup  
Third Proper- 4 Jan. 2020  
Fourth Proper- 25 Jan. 2020  
Fifth Proper- 4 March 2020  
Quarterfinal- 28 June 2020  

2020-21 FA Cup  
Third Proper- 9 Jan. 2021  
Fourth Proper- 24 Jan. 2021  
Fifth Proper- 10 Feb. 2021  
Quarterfinal- 21 March 2021  
Semifinal- 18 April 2021  
Final- 15 May 2021",1.0,342,0,4
lcfc,kzad67,https://i.redd.it/63y4zdu9exb61.jpg,Pundits talking about the top of the table like,False,316,16,2021-01-17 17:15:08,,1.0,316,0,1
Hammers,nfwwcp,https://i.redd.it/zxjix4onh0071.jpg,Cool hammer my dad got me,False,2468,77,2021-05-19 05:18:41,,0.99,2468,0,27
Hammers,lowzgl,https://v.redd.it/htkhpzvr0ui61,Lord JLingz and the disciples,False,1077,65,2021-02-21 13:23:25,,0.98,1077,0,9
Hammers,lbzp9v,https://i.redd.it/qzze61wn5cf61.jpg,Lingard will get the headlines but these guys played like heroes,False,522,23,2021-02-03 22:06:08,,0.97,522,0,5
Hammers,mos18u,https://i.redd.it/s05azb6z4ks61.jpg,West Ham 2020/21,False,523,10,2021-04-11 14:50:10,,0.99,523,0,5
Hammers,l5mdi5,https://i.redd.it/mfec6ts9hqd61.jpg,It's just so beautiful,False,468,33,2021-01-26 20:07:47,,1.0,468,0,4
Hammers,lre3dv,https://www.reddit.com/r/Hammers/comments/lre3dv/announcement_ama_feb_25th_1pm_uk_declan_rice/,"ANNOUNCEMENT: AMA FEB 25th, ~1PM UK. Declan Rice",False,445,134,2021-02-24 14:26:04,"Seriously. 

We've been working with the digital media team at West Ham for a little bit now and they've set us up an AMA.

We didn't know it'd be Declan Rice to start us off though :)

He'll be jumping on after training so the 1pm is more of a guide than a set time.",1.0,445,0,11
Hammers,jdw0vs,https://i.redd.it/uix39mteozt51.jpg,"So basically, you just bang it top right",False,435,10,2020-10-19 05:41:08,,1.0,435,0,6
Hammers,lw29vl,https://i.redd.it/n2snz06xcmk61.jpg,West Ham being top 4 has China SHOOK,False,417,5,2021-03-02 13:45:12,,0.99,417,0,2
Hammers,o60hlm,https://i.redd.it/mnnwfmpulw671.jpg,Keeping it Covid friendly ‚öí,False,393,17,2021-06-22 23:44:00,,1.0,393,0,6
Hammers,j4yktz,https://i.redd.it/tifmp45bs2r51.jpg,He's coming for you!,False,385,8,2020-10-04 13:02:01,,0.99,385,0,4
coys,ivwaog,https://twitter.com/SpursOfficial/status/1307363856151392257,Bale has come home!,False,4604,361,2020-09-19 17:00:17,,0.95,4604,0,143
coys,l29ib0,https://v.redd.it/8vr54k97irc61,I think this might the greatest thing I've seen,False,3913,76,2021-01-21 22:30:40,,0.98,3913,0,25
coys,kizst8,https://i.redd.it/gg0rz6k3qz661.jpg,"The Vitruvian Man, Leonardo Da Vinci (c. 1490)",False,3559,58,2020-12-23 19:44:19,,0.98,3559,0,30
coys,njbyor,https://i.redd.it/qjub39lriw071.png,How I feel right now!,False,3378,121,2021-05-23 17:02:46,,0.97,3378,0,35
coys,j51nvq,https://i.redd.it/kmk8ymtbt3r51.jpg,MOOD!,False,3246,74,2020-10-04 16:23:25,,0.97,3246,0,34
coys,k84715,https://v.redd.it/umsk60esdn361,Mourinho: That's a shit goal. A shit goal.,False,3170,115,2020-12-06 23:02:03,,0.98,3170,0,14
coys,kuj5ql,https://i.redd.it/x2nz8xfkmja61.jpg,When your team keep attacking after scoring one goal,False,2958,59,2021-01-10 17:52:34,,0.98,2958,0,13
coys,m8011r,https://i.redd.it/71lboicikun61.jpg,I saved it and didn‚Äôt realize will be using it so soon,False,2800,103,2021-03-18 20:34:22,,0.98,2800,0,6
coys,koxbun,https://www.reddit.com/r/coys/comments/koxbun/100_goals_for_sonny_upvote_party/,100 Goals for Sonny Upvote Party!!!!,False,2779,70,2021-01-02 13:17:11,"Nice one Sonny

Nice one Son

Nice one Sonny 

Let's have one hundred and one!",0.96,2779,0,50
coys,jostc3,https://i.redd.it/n1asqdil1ix51.jpg,STOP THE COUNT,False,2766,99,2020-11-05 22:39:29,,0.98,2766,0,12
Gunners,oidngl,https://i.redd.it/4vhgwu3epna71.jpg,Saka we love you,False,45382,1717,2021-07-11 22:04:52,,0.81,45382,0,464
Gunners,i1x4l0,https://twitter.com/brfootball/status/1289630578505969667?s=09,ARSENAL WIN THE FA CUP! üèÜ,False,12806,969,2020-08-01 18:35:41,,0.84,12806,0,46
Gunners,lsuxlk,https://streamable.com/c2h6di,"Benfica player dives. Tierney shouts ""You're a f****** diving c***, man"".",False,8316,401,2021-02-26 10:28:09,,0.96,8316,0,79
Gunners,i297m9,https://i.redd.it/vums6but2ke51.jpg,I'm not crying you are,False,8174,199,2020-08-02 09:11:41,,0.97,8174,0,3
Gunners,lugpma,https://i.redd.it/uhrg823758k61.gif,Arteta explaining to Elneny how nun-chucks work (credit to u/stepintospring for title and gif request),False,7443,116,2021-02-28 13:59:08,,0.96,7443,0,281
Gunners,itatn4,https://www.arsenal.com/news/auba-signs-new-long-term-contract,[Official] Auba signs Da Ting - New 3 Year Contract for the Captain,False,6962,386,2020-09-15 15:18:25,,1.0,6962,0,156
Gunners,m50cf9,https://i.redd.it/zvatjr98a1n61.png,Just putting this out there... you know... just in case everyone forgets the crap this asshole pulls,False,6516,457,2021-03-14 18:05:28,,0.93,6516,0,24
Gunners,okv10h,https://www.reddit.com/gallery/okv10h,Saka‚Äôs full message ‚ù§Ô∏è,False,6256,254,2021-07-15 15:22:05,,0.96,6256,0,48
Gunners,ohe9ub,https://v.redd.it/jev4k3hg8ca71,This Goal will never get Old,False,5923,252,2021-07-10 07:31:14,,0.97,5923,0,30
Gunners,oiosmi,https://i.redd.it/efq9byfjhra71.png,"Classy from our neighbors down the road. Rival, not enemies ‚ô•Ô∏èü§ùü§ç",False,5795,190,2021-07-12 10:47:33,,0.96,5795,0,26
LeedsUnited,nv06q5,https://i.redd.it/0xi49xaz80471.jpg,"Last night Bielsa taking an U11's training session. No contract for it, not even in season, just for the love of the game. A true living legend of the game.",False,728,57,2021-06-08 08:47:39,,0.99,728,0,9
LeedsUnited,njbd6j,https://v.redd.it/dtwosjbndw071,Gaetano Berardi & Pablo Hern√°ndez Leaving the Elland Road Pitch One Final Time,False,675,26,2021-05-23 16:34:04,,0.99,675,0,10
LeedsUnited,lqrimc,https://i.redd.it/m8mbs6gf9aj61.jpg,"""That one was for you Granny Val""",False,588,44,2021-02-23 20:00:31,,0.99,588,0,12
LeedsUnited,nebx4z,https://v.redd.it/oztm5emljnz61,Alioski wonder goal vs Burnley,False,580,24,2021-05-17 09:47:51,,0.99,580,0,10
LeedsUnited,jgvfz3,https://i.redd.it/s4lziw6ppwu51.jpg,Bamford OP,False,536,16,2020-10-23 20:47:08,,0.99,536,0,4
LeedsUnited,mu7wlm,https://i.redd.it/cljjcwznh6u61.jpg,"Victor Orta: ""Football is for the fans.""",False,526,30,2021-04-19 19:04:52,,1.0,526,0,9
LeedsUnited,l9gpmb,https://i.redd.it/dul3wpeoape61.jpg,Can we take a minute to appreciate the job this lad is doing.,False,530,58,2021-01-31 17:13:08,,0.99,530,0,6
LeedsUnited,nhsocd,https://i.redd.it/s8u41zx08h071.jpg,The Master!,False,513,27,2021-05-21 13:34:59,,0.99,513,0,1
LeedsUnited,lpw8rg,https://i.redd.it/xc72q6otq2j61.jpg,"Marcelo Bielsa, ladies and gentlemen",False,489,33,2021-02-22 18:43:22,,1.0,489,0,7
LeedsUnited,k75yyz,https://i.redd.it/ad3omchytc361.jpg,It‚Äôs game day boys,False,482,10,2020-12-05 11:32:34,,0.96,482,0,11
Everton,hyausn,https://i.redd.it/yhhipvbyk8d51.jpg,"The best there is, The best there was, The best there ever will be.",False,1154,55,2020-07-26 17:27:29,,0.99,1154,0,6
Everton,npt3hj,https://i.redd.it/on1jawjngn271.jpg,Oh no,False,1110,44,2021-06-01 12:42:19,,0.99,1110,0,8
Everton,j8ig2w,https://i.redd.it/cf2q49jxy8s51.jpg,Dcl's Dad üò≠,False,1020,70,2020-10-10 10:48:27,,0.99,1020,0,12
Everton,iodnus,https://twitter.com/everton/status/1303045630290546688?s=21,[Official] Everton sign James Rodriguez,False,1008,144,2020-09-07 19:01:11,,0.98,1008,0,16
Everton,loen87,https://i.imgur.com/95mLTsP.jpg,I FUCKING LOVE YOU DON CARLO!!,False,920,22,2021-02-20 19:28:42,,0.99,920,0,3
Everton,lrhmcg,https://twitter.com/Everton/status/1364621183711379456?s=19,Lucas Digne signs new contract to stay at Everton until 2025,False,852,73,2021-02-24 17:01:07,,0.99,852,0,15
Everton,is2jdn,https://www.reddit.com/r/Everton/comments/is2jdn/allan/,Allan,False,833,213,2020-09-13 17:31:55,Allan,0.98,833,0,8
Everton,oie0xn,https://i.redd.it/rue6p5w0tna71.jpg,You were incredible big man üíôüíôüíô,False,814,45,2021-07-11 22:24:42,,0.97,814,0,5
Everton,log13s,https://i.redd.it/4s1xfdbo0pi61.jpg,Oumars latest Insta story,False,811,44,2021-02-20 20:33:37,,1.0,811,0,4
Everton,loek4o,https://www.reddit.com/r/Everton/comments/loek4o/welllllllll_ive_never_felt_more/,WELLLLLLLLL!!! I‚ÄôVE NEVER FELT MORE....,False,776,106,2021-02-20 19:24:43,,0.98,776,0,3
avfc,hyaaky,https://www.reddit.com/r/avfc/comments/hyaaky/were_staying_up_upvote_party/,WE'RE STAYING UP UPVOTE PARTY!,False,1310,198,2020-07-26 16:55:41,,0.94,1310,0,7
avfc,j54bj2,https://www.reddit.com/r/avfc/comments/j54bj2/watkins_hatrick_upvote_party/,WATKINS HATRICK UPVOTE PARTY,False,832,51,2020-10-04 18:57:03,UP THE FUCKING VILLA!!!,0.97,832,0,5
avfc,ix55sq,https://www.reddit.com/r/avfc/comments/ix55sq/martinez_saves_penalty_on_debut_upvote_party/,Martinez saves penalty on debut upvote party??,False,643,40,2020-09-21 17:38:45,What a goalie!,0.97,643,0,4
avfc,j55mt7,https://www.reddit.com/r/avfc/comments/j55mt7/post_match_thread_aston_villa_72_liverpool/,[Post Match Thread] Aston Villa 7-2 Liverpool,False,537,379,2020-10-04 20:10:22,"An unbelievable, historic game for Aston Villa. Villa beat previous title winning side Liverpool SEVEN to two goals. I don't even know where to begin. Watkin's hattrick, Grealish brace and a goal by McGinn. Four of those goals went in via a deflection. Salah scoring a brace for Liverpool. Enjoy it boys, enjoy the win, enjoy the moment. We are second in the table.

MOTM, the full team. Incredible effort. If I had to choose one its Watkins. 

We are second in the league! Best goal difference. What a start its been.

___
*Results Around Us*

Leicester 0-4 West Ham

Arsenal 2-1 Sheffield United",0.99,537,0,100
avfc,ktb3mr,https://www.reddit.com/r/avfc/comments/ktb3mr/the_barry_scored_up_vote_party/,The Barry Scored Up Vote Party,False,523,31,2021-01-08 20:33:16,"I Said he was the one to watch and what an amazing goal. Regardless of the end score the lads have done us proud. Priceless timing... comment from my Liverpool fan friends, this is revenge for El Ghazi scoring and acting like he scored against prime Barcelona. Oh my days, I almost choked laughing.",0.98,523,0,4
avfc,oiy6g4,https://i.redd.it/oeqrdoeqzta71.png,King Ming's putting Preti Patel back in her xenophobic box. üëë,False,494,172,2021-07-12 19:13:01,,0.94,494,0,5
avfc,it65gf,https://twitter.com/AVFCOfficial/status/1305815520839598087?s=19,Jack has signed until 2025!!!!,False,488,96,2020-09-15 10:30:12,,0.98,488,0,12
avfc,l8whso,https://i.redd.it/yoxi7qhvhje61.jpg,Emi Martinez Appreciation Post üëè,False,486,44,2021-01-30 21:42:48,,0.98,486,0,3
avfc,nk7sjf,https://www.reddit.com/r/avfc/comments/nk7sjf/we_have_done_it_we_won_the_fa_youth_cup_upvote/,WE HAVE DONE IT WE WON THE FA YOUTH CUP!! UPVOTE PARTY!,False,465,32,2021-05-24 20:40:35,UTV,0.97,465,0,1
avfc,md8uhd,https://www.reddit.com/r/avfc/comments/md8uhd/ollie_watkins_england_goalscorer_upvote_party/,Ollie Watkins England Goalscorer Upvote Party,False,458,26,2021-03-25 21:25:22,Go on Ollie,0.97,458,0,3
NUFC,l8n1zu,https://i.imgur.com/7lOUIMc.jpg,Inject it into my veins üí¶üçÜ,False,592,28,2021-01-30 14:41:33,,0.99,592,0,4
NUFC,ilj12h,https://www.reddit.com/r/NUFC/comments/ilj12h/can_nufc_fans_put_it_into_clear_perspective_just/,"Can NUFC fans put it into clear perspective just how bad Mike Ashley actually is for someone like me, who isn‚Äôt a fan of the club?",False,511,110,2020-09-03 00:21:54,"I see him get so much (what appears to be deserved) hate on Newcastle related pages.            

Ps. I‚Äôm not defending him in anyway at all, just genuinely curious to know why this is the case and get some inside info, thx.",0.98,511,0,0
NUFC,mpa64w,https://i.redd.it/6uro0bhkmps61.jpg,Saint-Maximin on Twitter after the game yesterday. Bloody love this man.,False,484,36,2021-04-12 09:17:40,,0.99,484,0,1
NUFC,mys45e,https://i.imgur.com/bLJfVsN.jpg,Alan Shearer has been named as one of the first inductees into the Premier League Hall of Fame,False,457,50,2021-04-26 07:28:22,,1.0,457,0,7
NUFC,nimjxn,https://i.redd.it/bz97oe5s9p071.png,Tim Krul on twitter about some club who lost today,False,425,31,2021-05-22 16:39:36,,0.99,425,0,3
NUFC,nd5gec,https://i.imgur.com/NmP21ty.jpg,"Ayoze Perez lifts the FA Cup üëâüòÅüëà Glad to see his career reach new heights, he was a faithful servant to the Toon",False,402,58,2021-05-15 18:37:11,,0.97,402,0,1
NUFC,j4my25,https://i.redd.it/ubfm3w3t4yq51.jpg,Genuinely have a soft spot for whoever runs our socials,False,395,18,2020-10-03 21:17:03,,0.99,395,0,2
NUFC,irl1yz,https://i.redd.it/6sqhtcydasm51.jpg,The Free Irish Jesus,False,391,18,2020-09-12 21:21:06,,0.98,391,0,9
NUFC,jm3ydr,https://v.redd.it/8sh2smatbnw51,Inject this into my veins üíâ,False,383,30,2020-11-01 15:22:11,,0.98,383,0,4
NUFC,lzsux4,https://www.reddit.com/r/NUFC/comments/lzsux4/villa_fan_in_peace/,Villa fan in peace,False,377,37,2021-03-07 15:30:34,"Watched your game today against the baggies and I really have to question your fitness levels, the way they dropped off and sat back in the last 20 mins was shocking, I saw the same thing at Villa no players looked fit past the 70min mark, how does Bruce get away with having such a poor fitness regime? That man rots evey club he's at.",0.95,377,0,3
WWFC,iot178,https://i.redd.it/r5eqr1ag8xl51.jpg,Flag,False,206,4,2020-09-08 12:55:28,,0.99,206,0,2
WWFC,onirbu,https://i.redd.it/vv7itvc0f7c71.jpg,Pedro just came into my little collectibles shop,False,197,30,2021-07-19 17:25:56,,0.99,197,0,1
WWFC,njd5gq,https://i.imgur.com/4xGIiLc.jpg,"Thank you, Nuno",False,183,3,2021-05-23 17:58:09,,1.0,183,0,1
WWFC,jp7r1f,https://i.redd.it/43akouy98nx51.jpg,That's how this works right?,False,183,3,2020-11-06 16:05:54,,0.99,183,0,1
WWFC,j7kitl,https://www.reddit.com/r/WWFC/comments/j7kitl/fuck_me_coady_just_scored_for_england/,Fuck me Coady just scored for England,False,165,26,2020-10-08 20:11:36,"Coady's first goal in any competition since April 2018, penalty taken against Bolton in the Championship (commentators been saying it was Bristol City)

Coady has had as more shots for England tonight as he has had in his previous 156 appearances for Wolves in all competitions.

EDIT: he's just been given the Captain's armband too, what on earth is happening, first Wolves player to captain England since Billy Wright.

The goal; https://twitter.com/England/status/1314299626451857408?s=20",1.0,165,0,2
WWFC,irzrvq,https://twitter.com/Wolves/status/1305159302475325440?s=19,NUNO SIGNS UNTIL 2023!!,False,165,16,2020-09-13 15:02:33,,1.0,165,0,1
WWFC,k8alwk,https://i.redd.it/4r2w8pv2cp361.jpg,Figured we could atleast get a laugh,False,160,6,2020-12-07 05:35:33,,0.98,160,0,1
WWFC,kdtatx,https://i.redd.it/esw66hdlqe561.jpg,Fucking love you,False,157,4,2020-12-15 20:05:34,,0.99,157,0,0
WWFC,jywc6x,https://www.reddit.com/gallery/jywc6x,Moving house - found my Grandads season ticket from 59/60 season,False,152,11,2020-11-22 14:18:44,,0.99,152,0,0
WWFC,mumio4,https://i.redd.it/tkaqiyotqau61.jpg,Wolves twitter admin saying what we are all thinking,False,149,7,2021-04-20 09:23:23,,1.0,149,0,0
crystalpalace,igi16r,https://www.reddit.com/r/crystalpalace/comments/igi16r/schrodingers_messi/,Schrodingers Messi,False,212,15,2020-08-25 18:30:21,He hasn‚Äôt announced a new club yet and is still in the box. Therefore Messi both does and doesn‚Äôt play for palace. I choose to believe he plays for us. Europe 2022?,0.99,212,0,1
crystalpalace,ii3ec1,https://www.cpfc.co.uk/news/2020/august/eberechi-eze-signs-five-year-deal-with-crystal-palace/,Eberechi Eze signs five-year deal with Crystal Palace,False,206,52,2020-08-28 08:33:32,,1.0,206,0,2
crystalpalace,ivxxip,https://www.reddit.com/r/crystalpalace/comments/ivxxip/postmatch_thread_manchester_united_13_crystal/,Post-Match Thread: Manchester United 1-3 Crystal Palace | Premier League,False,180,96,2020-09-19 18:26:56,,0.99,180,0,6
crystalpalace,l9y4wi,https://twitter.com/CPFC/status/1356150372813983744,Vicente Guaita has signed a contract that will keep him at the club until June 2023.,False,181,10,2021-02-01 08:02:43,,1.0,181,0,1
crystalpalace,nf776n,https://www.cpfc.co.uk/news/2021/may/roy-hodgson-to-step-down-as-crystal-palace-manager,Official: Roy Hodgson to step down as Crystal Palace manager,False,171,34,2021-05-18 10:31:21,,1.0,171,0,0
crystalpalace,k7u0s8,https://i.redd.it/hka8ndfrmk361.jpg,Todays game,False,168,9,2020-12-06 13:46:29,,0.99,168,0,3
crystalpalace,lq1m8i,https://i.redd.it/x1hl1nmss3j61.png,Big Ben Strikes Again,False,166,4,2021-02-22 22:16:27,,0.99,166,0,4
crystalpalace,irh4rh,https://v.redd.it/27a0u7078rm51,A quick story,False,155,5,2020-09-12 17:47:10,,0.99,155,0,1
crystalpalace,lrb2hc,https://i.redd.it/7r2ai4tlzej61.jpg,BENTEKKKEEEE,False,155,3,2021-02-24 11:53:56,,0.99,155,0,2
crystalpalace,l1v8oj,https://i.redd.it/jjgiodaynnc61.jpg,Crystal Palace sign Jean-Phillipe Mateta,False,154,47,2021-01-21 09:35:44,,0.99,154,0,0
SaintsFC,jpcp9r,https://i.redd.it/i7uoqljmiox51.jpg,STOP THE COUNT,False,501,29,2020-11-06 20:25:38,,0.98,501,0,4
SaintsFC,kqj13i,https://i.redd.it/1evp5anp0e961.jpg,That‚Äôs my manager right there I hope Ralph never leaves us,False,372,30,2021-01-04 21:57:01,,0.98,372,0,6
SaintsFC,lhsex9,https://i.redd.it/nii4jqbcfwg61.jpg,Our Mountain Man.,False,347,21,2021-02-11 19:26:19,,0.99,347,0,3
SaintsFC,lb5h8y,https://i.redd.it/5hfg9z8ri4f61.png,well that was a short first start,False,252,53,2021-02-02 20:25:30,,0.99,252,0,0
SaintsFC,lb824h,https://i.redd.it/o7grsz9d15f61.png,maybe football isn't for us,False,230,8,2021-02-02 22:09:42,,0.99,230,0,0
SaintsFC,i439yx,https://twitter.com/premierleague/status/1290965885805617152?s=19,Ralph wins manager of the month!,False,226,28,2020-08-05 11:02:54,,0.99,226,0,0
SaintsFC,nd2co4,https://i.redd.it/13446pnj6bz61.jpg,Absolutely beaming,False,220,14,2021-05-15 16:12:52,,1.0,220,0,2
SaintsFC,kc8njy,https://www.reddit.com/gallery/kc8njy,"Been far too long, great to back!",False,223,20,2020-12-13 10:50:43,,1.0,223,0,6
SaintsFC,lcgdj6,https://i.redd.it/k1go34n8xgf61.jpg,Spotted on Millbrook road. In Ralph we trust.,False,216,16,2021-02-04 14:07:52,,1.0,216,0,0
SaintsFC,jmkedj,https://mobile.twitter.com/markmcadamtv/status/1323185249350782984,BREAKING (good) NEWS: Southampton striker Danny Ings has suffered no serious damage to his knee a scan has revealed. Early signs suggest it‚Äôs expected he‚Äôll be ok and in contention to return to action sooner than first thought. Being monitored this week by Saints medical team.,False,194,23,2020-11-02 09:20:38,,0.99,194,0,3
BrightonHoveAlbion,lbzrjq,https://www.reddit.com/r/BrightonHoveAlbion/comments/lbzrjq/liverpool_01_brighton_upvote_party/,LIVERPOOL 0-1 BRIGHTON UPVOTE PARTY!,False,307,51,2021-02-03 22:08:52,Get in!!!,0.97,307,0,4
BrightonHoveAlbion,nfm53d,https://i.redd.it/emhqcxct0yz61.jpg,hmm,False,141,7,2021-05-18 21:01:21,,1.0,141,0,0
BrightonHoveAlbion,it570v,https://i.redd.it/0guyam1y1an51.jpg,Brighton fans when Steven Alzate makes a mistake vs when Dale Stephens makes a mistake,False,123,14,2020-09-15 09:05:51,,0.98,123,0,1
BrightonHoveAlbion,l9m3ut,https://i.redd.it/36wt3962hqe61.gif,Brighton finally win a home game,False,118,3,2021-01-31 21:10:42,,0.99,118,0,0
BrightonHoveAlbion,idyc4e,https://twitter.com/officialbhafc/status/1296824386843009025?s=21,Lewis Dunk has signed a new 5 year contract for the Albion,False,116,15,2020-08-21 15:01:50,,1.0,116,0,0
BrightonHoveAlbion,kz4p90,https://www.brightonandhovealbion.com/news/1976297/lamptey-signs-new-long-term-deal,Lamptey signs new long term deal to 2025!,False,109,17,2021-01-17 11:16:52,,1.0,109,0,2
BrightonHoveAlbion,le1jm2,https://i.redd.it/w6zw5l9b1wf61.jpg,A bit harsh to those 11 year olds,False,107,17,2021-02-06 16:57:15,,0.97,107,0,1
BrightonHoveAlbion,lcbdb9,https://i.redd.it/frlbeq3l9ff61.jpg,We haven't conceded a goal for nearly 7 hours!,False,109,7,2021-02-04 08:36:17,,1.0,109,0,1
BrightonHoveAlbion,nfkq05,https://i.redd.it/ic7jvnavqxz61.jpg,Me drinking the tears of City fans tonight,False,96,8,2021-05-18 20:05:10,,0.99,96,0,2
BrightonHoveAlbion,nu689g,https://twitter.com/David_Ornstein/status/1401791302195417089?s=09,White replaces Trent - Our boy is going to the Euro's,False,94,19,2021-06-07 06:59:32,,0.99,94,0,0
Burnley,ns2f35,https://www.reddit.com/gallery/ns2f35,Mini LEGO Turf Moor. How did I do?,False,90,6,2021-06-04 11:01:16,,1.0,90,0,1
Burnley,l2eu8y,https://i.redd.it/h5nhltaoxsc61.png,Sean Dyche spotted on his way back from Anfield,False,84,4,2021-01-22 03:19:09,,0.99,84,0,0
Burnley,mueecm,https://i.redd.it/hv1od2pu18u61.jpg,"The real founders, look at how great we are",False,76,0,2021-04-20 00:19:35,,0.99,76,0,0
Burnley,kci9dq,https://i.redd.it/xvasxsrnm0561.jpg,Utc!!,False,74,1,2020-12-13 20:38:33,,0.99,74,0,0
Burnley,ngklpb,https://i.redd.it/3tbcl4kuw5071.jpg,It was good to be back home again,False,72,5,2021-05-19 23:32:47,,0.99,72,0,1
Burnley,livqe1,https://i.redd.it/lw4fdwh947h61.jpg,"Hey Burnley fans! I‚Äôm doing minimalist designs of Premier League stadiums, here‚Äôs Turf Moor. Hope you like it!",False,72,9,2021-02-13 07:17:31,,1.0,72,0,1
Burnley,my6rrm,https://i.redd.it/2wqs4p426bv61.jpg,Chris Wood so far today: Always bloody Burnley,False,56,0,2021-04-25 11:52:35,,1.0,56,0,1
Burnley,ihrfb4,https://i.imgur.com/OsCRYoF.jpg,Burnley announce signing of veteran forward Lionel Messi on a free transfer.,False,51,7,2020-08-27 19:14:40,,0.96,51,0,1
Burnley,n9rbfs,https://www.burnleyfootballclub.com/content/reaction-woody-hits-50,Chris Wood reaches 50 goals for Burnley.,False,51,1,2021-05-11 07:23:49,,0.99,51,0,0
Burnley,m49mi0,https://i.redd.it/nl2daejontm61.jpg,think she's the one,False,49,4,2021-03-13 16:26:14,,1.0,49,0,1
fulhamfc,i3s38t,https://www.reddit.com/r/fulhamfc/comments/i3s38t/joe_bryan_upvote_partyyy/,JOE BRYAN UPVOTE PARTYYY,False,362,22,2020-08-04 21:20:44,That is all,0.98,362,0,0
fulhamfc,i3s036,https://www.reddit.com/r/fulhamfc/comments/i3s036/official_fulham_fc_have_been_promoted_to_premier/,OFFICIAL: Fulham FC have been promoted to Premier League,False,249,45,2020-08-04 21:15:47,"**LETS GOOOOOOOOOOO**


Back in! Let‚Äôs spend the 100m a little better than we did last time!",0.98,249,0,0
fulhamfc,lztcpe,https://i.redd.it/0qkeky2ooml61.jpg,FULL TIME AT ANFIELD,False,226,38,2021-03-07 15:55:38,,0.99,226,0,2
fulhamfc,loiq50,https://i.redd.it/odklm2kdopi61.jpg,His reaction says it all. What a legend.,False,225,20,2021-02-20 22:46:28,,1.0,225,0,1
fulhamfc,l8pymg,https://i.redd.it/oz99ez593ie61.png,Us this season...,False,176,0,2021-01-30 16:59:11,,0.99,176,0,0
fulhamfc,jmubxe,https://i.redd.it/ebdpmvzsovw51.jpg,What a game...,False,163,23,2020-11-02 19:28:38,,1.0,163,0,0
fulhamfc,k41buf,https://i.redd.it/fgjbgqso3f261.png,DO IT FOR PAPA!!!,False,163,3,2020-11-30 18:06:39,,1.0,163,0,2
fulhamfc,ljwrl9,https://i.redd.it/0qc6fefk7ih61.jpg,"Friendship ended with Kamara, now Maja is my best friend!",False,160,9,2021-02-14 20:35:56,,1.0,160,0,0
fulhamfc,lp6am1,https://i.redd.it/bpcvhz0i8wi61.jpg,UTF,False,154,5,2021-02-21 20:49:56,,0.99,154,0,4
fulhamfc,kx1g2o,https://i.redd.it/io5u9wn3a9b61.png,Draw by draw...,False,157,3,2021-01-14 08:09:04,,1.0,157,0,3
WBAfootball,hw1gmv,https://twitter.com/WBA/status/1286035143250128898,"WE ARE GOING UP, SAY WE ARE GOING UP",False,106,34,2020-07-22 20:28:38,,1.0,106,0,1
WBAfootball,kqj4yp,https://i.redd.it/drhbgpck1e961.jpg,Us atm üò≠üò≠,False,87,0,2021-01-04 22:01:54,,0.98,87,0,0
WBAfootball,kecydv,https://i.redd.it/j2ycfkb7yk561.jpg,Outside The Hawthorns,False,88,4,2020-12-16 16:58:53,,1.0,88,0,1
WBAfootball,len7mr,https://i.redd.it/a3b3o3z2d2g61.png,The Infinite Cycle,False,77,7,2021-02-07 14:14:15,,0.99,77,0,2
WBAfootball,j2tdlu,https://i.imgur.com/fpnmn15.jpg,The band is finally back together!,False,75,0,2020-09-30 19:53:30,,1.0,75,0,1
WBAfootball,ibfr0o,https://www.wba.co.uk/news/pereira-pens-permanent-deal-hawthorns,IT'S FINALLY HAPPENED - OFFICIAL: Matheus Pereira signs four-year contract at Albion,False,68,11,2020-08-17 15:01:59,,0.99,68,0,0
WBAfootball,kykati,https://i.imgur.com/SMuLQZg.png,New Cross Hospital is on high alert,False,65,1,2021-01-16 14:56:58,,0.98,65,0,1
WBAfootball,immxux,https://www.wba.co.uk/news/diangana-pens-permanent-deal-albion,Diangana pens permanent deal at Albion,False,63,21,2020-09-04 19:48:48,,0.99,63,0,1
WBAfootball,hywrv4,https://i.imgur.com/JtMyS09.jpg,Agent Krovinovic already trying to get the band back together for next season,False,64,9,2020-07-27 17:33:28,,0.99,64,0,0
WBAfootball,j1vorr,https://twitter.com/WBA/status/1310866888608677890?s=19,Matheus Pereira with some breaking news!!!!,False,61,5,2020-09-29 09:01:28,,1.0,61,0,0
SheffieldUnited,igi2oj,https://www.reddit.com/r/SheffieldUnited/comments/igi2oj/when_messi_arrives_at_the_lane/,When Messi arrives at the Lane...,False,189,6,2020-08-25 18:32:18,... would you start with McBurnie and Sharp or McBurnie and Didzy up front against Wolves? ü§î,1.0,189,0,0
SheffieldUnited,l6ft66,https://www.reddit.com/r/SheffieldUnited/comments/l6ft66/manchester_united_12_blades_up_the_fucking_blades/,Manchester United 1-2 BLADES UP THE FUCKING BLADES,False,162,74,2021-01-27 22:10:21,SHOREHAM BOYS WE ARE HERE,0.97,162,0,11
SheffieldUnited,lb4wme,https://i.redd.it/nanyhd9je4f61.jpg,Build the statue,False,127,7,2021-02-02 20:01:29,,1.0,127,0,3
SheffieldUnited,kvz94q,https://www.reddit.com/r/SheffieldUnited/comments/kvz94q/blades_10_toon/,BLADES 1-0 TOON,False,116,50,2021-01-12 19:54:49,WE FUCKING WON,0.99,116,0,2
SheffieldUnited,j62wqw,https://i.redd.it/x7mj8dhpfgr51.jpg,Los Angeles Blades,False,106,9,2020-10-06 10:50:16,,0.99,106,0,1
SheffieldUnited,jyykjw,https://i.redd.it/b4o7b88ekt061.jpg,Me every week when the Blades have a good first fifteen minutes.,False,101,8,2020-11-22 16:36:51,,0.99,101,0,0
SheffieldUnited,j3xs8l,https://twitter.com/SheffieldUnited/status/1312067340054540294?s=19,Rhian Brewster is a Blade!,False,95,45,2020-10-02 16:30:44,,1.0,95,0,0
SheffieldUnited,kqan15,https://i.redd.it/6n9hg0241c961.png,Well it's been an eventful season...,False,84,3,2021-01-04 15:15:43,,0.97,84,0,0
SheffieldUnited,jrnl2z,https://www.reddit.com/r/SheffieldUnited/comments/jrnl2z/why_is_sheffield_performing_bad_this_season/,Why is Sheffield performing bad this season,False,82,31,2020-11-10 16:04:37,"Hey guys I have a Dutch podcast about the premier league and I would love to get some input from fans, why Sheffield is underperforming this season.",0.99,82,0,0
SheffieldUnited,ktz7v8,https://i.redd.it/em3m9dw8eda61.jpg,Nothing winds me up more than people callin‚Äô us fucking Sheffield.,False,82,16,2021-01-09 20:55:14,,0.99,82,0,0
